<ActorFrame>
	<children>
		<AutoActor File="../_fade in normal" />
		<ActorFrame Condition="OnePassed()">
			<children>
				<AutoActor File="cleared text" Command="x,SCREEN_CENTER_X;y,SCREEN_CENTER_Y-240+340;cropright,1.3;faderight,0.1;sleep,0.25;linear,0.7;cropright,-0.3;sleep,1.95;linear,0.3;diffuse,0,0,0,0" />
				<AutoActor File="cleared glow" Command="x,SCREEN_CENTER_X;y,SCREEN_CENTER_Y-240+340;cropleft,-0.3;cropright,1;faderight,.1;fadeleft,.1;sleep,0.25;linear,0.7;cropleft,+1;cropright,-0.3" />
			</children>
		</ActorFrame>
		<ActorFrame Condition="not OnePassed()">
			<children>
				<AutoActor File="failed text" Command="x,SCREEN_CENTER_X;y,SCREEN_CENTER_Y-240+340;cropright,1.3;faderight,0.1;sleep,0.25;linear,0.7;cropright,-0.3;sleep,1.95;linear,0.3;diffuse,0,0,0,0" />
				<AutoActor File="failed glow" Command="x,SCREEN_CENTER_X;y,SCREEN_CENTER_Y-240+340;cropleft,-0.3;cropright,1;faderight,.1;fadeleft,.1;sleep,0.25;linear,0.7;cropleft,+1;cropright,-0.3" />
			</children>
		</ActorFrame>
	</children>
</ActorFrame>
