<ActorFrame>
	<children>
		<ActorFrame OnCommand="wag;EffectMagnitude,0,5,0;EffectPeriod,12">
			<children>
				<ActorFrame FOV="105" OnCommand="zoom,1.3">
					<children>
						<!-- overlay -->
						<Layer File="bgoverlay" OnCommand="VertAlign,bottom;ZoomToWidth,SCREEN_WIDTH*1.1;zoomy,1.1;rotationy,180" />
						<Layer File="bgoverlay" OnCommand="VertAlign,bottom;ZoomToWidth,SCREEN_WIDTH*1.1;zoomy,-1.1" />
					</children>
				</ActorFrame>
				<ActorFrame FOV="105">
					<children>
						<!-- upper top dots	-->
						<Layer File="dots" OnCommand="zoom,1.5;y,-200;z,-400;customtexturerect,0.2,0,1.2,1;texcoordvelocity,-0.06,0;diffuse,#832626;diffusealpha,0.1" />
						<Layer File="dots" OnCommand="zoom,1.5;y,-200;z,-200;customtexturerect,0.5,0,1.5,1;texcoordvelocity,0.03,0;diffuse,#832626;diffusealpha,0.1" />
						<Layer File="dots" OnCommand="zoom,1.5;y,-200;z,-100;customtexturerect,0.8,0,1.8,1;texcoordvelocity,0.06,0;diffuse,#832626;diffusealpha,0.15" />
						<Layer File="dots" OnCommand="zoom,1.5;y,-200;z,-050;customtexturerect,0.1,0,1.1,1;texcoordvelocity,0.06,0;diffuse,#885151;diffusealpha,0.15" />
						<Layer File="dots" OnCommand="zoom,1.5;y,-200;z,000;customtexturerect,0.1,0,1.1,1;texcoordvelocity,0.06,0;diffuse,#885151;diffusealpha,0.2" />
						<!-- lower top dots	-->
						<Layer File="dots" OnCommand="zoom,1.5;y,-100;z,-400;customtexturerect,0.4,0,1.4,1;texcoordvelocity,-0.06,0;diffuse,#832626;diffusealpha,0.1" />
						<Layer File="dots" OnCommand="zoom,1.5;y,-150;z,-200;customtexturerect,0.7,0,1.7,1;texcoordvelocity,0.03,0;diffuse,#832626;diffusealpha,0.1" />
						<Layer File="dots" OnCommand="zoom,1.5;y,-100;z,-100;customtexturerect,0.0,0,1.0,1;texcoordvelocity,0.06,0;diffuse,#832626;diffusealpha,0.15" />
						<Layer File="dots" OnCommand="zoom,1.5;y,-150;z,-50;customtexturerect,0.3,0,1.3,1;texcoordvelocity,0.06,0;diffuse,#885151;diffusealpha,0.15" />
						<Layer File="dots" OnCommand="zoom,1.5;y,-150;z,000;customtexturerect,0.3,0,1.3,1;texcoordvelocity,0.06,0;diffuse,#885151;diffusealpha,0.2" />
						<!-- upper bottom dots -->
						<Layer File="dots" OnCommand="zoom,1.5;y,100;z,-400;customtexturerect,0.0,0,1.0,1;texcoordvelocity,-0.06,0;diffuse,#832626;diffusealpha,0.1" />
						<Layer File="dots" OnCommand="zoom,1.5;y,150;z,-200;customtexturerect,0.3,0,1.3,1;texcoordvelocity,0.03,0;diffuse,#832626;diffusealpha,0.1" />
						<Layer File="dots" OnCommand="zoom,1.5;y,100;z,-100;customtexturerect,0.6,0,1.6,1;texcoordvelocity,0.06,0;diffuse,#832626;diffusealpha,0.15" />
						<Layer File="dots" OnCommand="zoom,1.5;y,150;z,-050;customtexturerect,0.9,0,1.9,1;texcoordvelocity,0.06,0;diffuse,#885151;diffusealpha,0.15" />
						<Layer File="dots" OnCommand="zoom,1.5;y,150;z,000;customtexturerect,0.9,0,1.9,1;texcoordvelocity,0.06,0;diffuse,#885151;diffusealpha,0.2" />
						<!-- lower bottom dots -->
						<Layer File="dots" OnCommand="zoom,1.5;y,200;z,-400;customtexturerect,0.8,0,1.8,1;texcoordvelocity,-0.06,0;diffuse,#832626;diffusealpha,0.1" />
						<Layer File="dots" OnCommand="zoom,1.5;y,200;z,-200;customtexturerect,0.1,0,1.1,1;texcoordvelocity,0.03,0;diffuse,#832626;diffusealpha,0.1" />
						<Layer File="dots" OnCommand="zoom,1.5;y,200;z,-100;customtexturerect,0.4,0,1.4,1;texcoordvelocity,0.06,0;diffuse,#832626;diffusealpha,0.15" />
						<Layer File="dots" OnCommand="zoom,1.5;y,200;z,-050;customtexturerect,0.7,0,1.7,1;texcoordvelocity,0.06,0;diffuse,#885151;diffusealpha,0.15" />
						<Layer File="dots" OnCommand="zoom,1.5;y,200;z,000;customtexturerect,0.7,0,1.7,1;texcoordvelocity,0.06,0;diffuse,#885151;diffusealpha,0.2" />
						<!-- top blocks -->
						<Layer File="BLOCK" OnCommand="zoom,3;y,-100;z,-350;customtexturerect,0.3,0,1.3,1;texcoordvelocity,-0.06,0;diffuse,#832626;diffusealpha,0.05" />
						<Layer File="ARROWS" OnCommand="zoom,3;y,-100;z,-200;customtexturerect,0.6,0,1.6,1;texcoordvelocity,0.03,0;diffuse,#832626;diffusealpha,0.1" />
						<Layer File="TICKS" OnCommand="zoom,3;y,-150;z,-200;customtexturerect,0.6,0,1.6,1;texcoordvelocity,0.03,0;diffuse,#832626;diffusealpha,0.1" />
						<Layer File="ARROWS" OnCommand="zoomx,1.5;zoomy,3;y,-200;z,-100;customtexturerect,0.9,0,1.4,1;texcoordvelocity,0.06,0;diffuse,#885151;diffusealpha,0.2" />
						<Layer File="BLOCK" OnCommand="zoom,3;y,-150;z,-050;customtexturerect,0.2,0,1.2,1;texcoordvelocity,0.06,0;diffuse,#885151;diffusealpha,0.1" />
						<Layer File="TICKS" OnCommand="zoom,3;y,-50;z,-050;customtexturerect,0.9,0,1.9,1;texcoordvelocity,0.06,0;diffuse,#885151;diffusealpha,0.1" />
						<!-- bottom blocks -->
						<Layer File="BLOCK" OnCommand="zoom,3;y,100;z,-350;customtexturerect,0.5,0,1.5,1;texcoordvelocity,-0.06,0;diffuse,#832626;diffusealpha,0.05" />
						<Layer File="ARROWS" OnCommand="zoom,3;y,100;z,-200;customtexturerect,0.0,0,1.0,1;texcoordvelocity,0.03,0;diffuse,#832626;diffusealpha,0.1" />
						<Layer File="TICKS" OnCommand="zoom,3;y,150;z,-200;customtexturerect,0.8,0,1.8,1;texcoordvelocity,0.03,0;diffuse,#832626;diffusealpha,0.1" />
						<Layer File="ARROWS" OnCommand="zoomx,1.5;zoomy,3;y,200;z,-100;customtexturerect,0.1,0,0.6,1;texcoordvelocity,0.06,0;diffuse,#885151;diffusealpha,0.2" />
						<Layer File="BLOCK" OnCommand="zoom,3;y,150;z,-050;customtexturerect,0.4,0,1.4,1;texcoordvelocity,0.06,0;diffuse,#885151;diffusealpha,0.1" />
						<Layer File="TICKS" OnCommand="zoom,3;y,50;z,-050;customtexturerect,0.8,0,1.8,1;texcoordvelocity,0.06,0;diffuse,#885151;diffusealpha,0.1" />
					</children>
				</ActorFrame>
			</children>
		</ActorFrame>
	</children>
</ActorFrame>
